{"cameraMode":{"drawMode":0,"name":"Shaded","section":"Shading Mode"},"sceneLighting":true,"audioPlay":false,"sceneViewState":{"m_AlwaysRefresh":false,"showFog":true,"showSkybox":true,"showFlares":true,"showImageEffects":true,"showParticleSystems":true,"showVisualEffectGraphs":true,"m_FxEnabled":true},"in2DMode":false,"pivot":{"x":-105.17161560058594,"y":92.57613372802735,"z":-369.7752685546875},"rotation":{"x":0.005798171740025282,"y":0.9221611618995667,"z":-0.01383346039801836,"w":0.38651636242866518},"size":42.613868713378909,"orthographic":false}