{"cameraMode":{"drawMode":0,"name":"Shaded","section":"Shading Mode"},"sceneLighting":false,"audioPlay":false,"sceneViewState":{"m_AlwaysRefresh":false,"showFog":true,"showSkybox":false,"showFlares":true,"showImageEffects":true,"showParticleSystems":true,"showVisualEffectGraphs":true,"m_FxEnabled":true},"in2DMode":false,"pivot":{"x":103.54835510253906,"y":5.953042030334473,"z":96.51741790771485},"rotation":{"x":0.005798171740025282,"y":0.9221611618995667,"z":-0.01383346039801836,"w":0.38651636242866518},"size":5.049752235412598,"orthographic":false}